<?xml version="1.0" encoding="UTF-8" standalone="yes"?>
<ns2:ExportManifest xmlns:ns2="http://www.pentaho.com/schema/">
    <ExportManifestInformation exportDate="30-08-2022 10:43:08 CST" exportBy="admin" rootFolder="/etc/" manifestVersion="2"/>
    <ExportManifestEntity path="DATAFOR_GIS">
        <ExportManifestProperty>
            <EntityMetaData name="DATAFOR_GIS" createdDate="2022-08-29T20:56:39.207+08:00" isFolder="true" path="DATAFOR_GIS" isHidden="true" isSchedulable="true" locale="zh_CN" title="DATAFOR_GIS"/>
        </ExportManifestProperty>
        <ExportManifestProperty>
            <EntityExtraMetaData/>
        </ExportManifestProperty>
        <ExportManifestProperty>
            <EntityAcl>
                <entriesInheriting>true</entriesInheriting>
                <owner>admin</owner>
                <ownerType>USER</ownerType>
            </EntityAcl>
        </ExportManifestProperty>
    </ExportManifestEntity>
</ns2:ExportManifest>
