<?xml version="1.0" encoding="UTF-8" standalone="yes"?>
<ns2:ExportManifest xmlns:ns2="http://www.pentaho.com/schema/">
    <ExportManifestInformation exportDate="30-08-2022 10:43:08 CST" exportBy="admin" rootFolder="/public/" manifestVersion="2"/>
    <ExportManifestEntity path="DATAFOR_MAP">
        <ExportManifestProperty>
            <EntityMetaData name="DATAFOR_MAP" createdDate="2022-08-29T20:56:39.207+08:00" isFolder="true" path="DATAFOR_MAP" isHidden="true" isSchedulable="true" locale="zh_CN" title="DATAFOR_MAP"/>
        </ExportManifestProperty>
        <ExportManifestProperty>
            <EntityExtraMetaData/>
        </ExportManifestProperty>
        <ExportManifestProperty>
            <EntityAcl>
                <entriesInheriting>true</entriesInheriting>
                <owner>admin</owner>
                <ownerType>USER</ownerType>
            </EntityAcl>
        </ExportManifestProperty>
    </ExportManifestEntity>
    <ExportManifestEntity path="DATAFOR_MAP/jsonMap">
        <ExportManifestProperty>
            <EntityMetaData name="jsonMap" createdDate="2022-08-29T20:56:39.253+08:00" isFolder="true" path="DATAFOR_MAP/jsonMap" isHidden="true" isSchedulable="true" locale="zh_CN" title="jsonMap"/>
        </ExportManifestProperty>
        <ExportManifestProperty>
            <EntityExtraMetaData/>
        </ExportManifestProperty>
        <ExportManifestProperty>
            <EntityAcl>
                <entriesInheriting>true</entriesInheriting>
                <owner>admin</owner>
                <ownerType>USER</ownerType>
            </EntityAcl>
        </ExportManifestProperty>
    </ExportManifestEntity>
    <ExportManifestEntity path="DATAFOR_MAP/jsonMap/World">
        <ExportManifestProperty>
            <EntityMetaData name="World" createdDate="2022-08-29T20:56:39.292+08:00" isFolder="true" path="DATAFOR_MAP/jsonMap/World" isHidden="true" isSchedulable="true" locale="zh_CN" title="World"/>
        </ExportManifestProperty>
        <ExportManifestProperty>
            <EntityExtraMetaData/>
        </ExportManifestProperty>
        <ExportManifestProperty>
            <EntityAcl>
                <entriesInheriting>true</entriesInheriting>
                <owner>admin</owner>
                <ownerType>USER</ownerType>
            </EntityAcl>
        </ExportManifestProperty>
    </ExportManifestEntity>
    <ExportManifestEntity path="DATAFOR_MAP/jsonMap/World/Argentina.js">
        <ExportManifestProperty>
            <EntityMetaData name="Argentina.js" createdDate="2022-08-29T20:56:39.328+08:00" isFolder="false" path="DATAFOR_MAP/jsonMap/World/Argentina.js" isHidden="true" isSchedulable="true" locale="zh_CN" title="Argentina.js"/>
        </ExportManifestProperty>
        <ExportManifestProperty>
            <EntityExtraMetaData/>
        </ExportManifestProperty>
        <ExportManifestProperty>
            <EntityAcl>
                <entriesInheriting>true</entriesInheriting>
                <owner>admin</owner>
                <ownerType>USER</ownerType>
            </EntityAcl>
        </ExportManifestProperty>
    </ExportManifestEntity>
    <ExportManifestEntity path="DATAFOR_MAP/jsonMap/World/Australia.js">
        <ExportManifestProperty>
            <EntityMetaData name="Australia.js" createdDate="2022-08-29T20:56:39.667+08:00" isFolder="false" path="DATAFOR_MAP/jsonMap/World/Australia.js" isHidden="true" isSchedulable="true" locale="zh_CN" title="Australia.js"/>
        </ExportManifestProperty>
        <ExportManifestProperty>
            <EntityExtraMetaData/>
        </ExportManifestProperty>
        <ExportManifestProperty>
            <EntityAcl>
                <entriesInheriting>true</entriesInheriting>
                <owner>admin</owner>
                <ownerType>USER</ownerType>
            </EntityAcl>
        </ExportManifestProperty>
    </ExportManifestEntity>
    <ExportManifestEntity path="DATAFOR_MAP/jsonMap/World/Brazil.js">
        <ExportManifestProperty>
            <EntityMetaData name="Brazil.js" createdDate="2022-08-29T20:56:39.714+08:00" isFolder="false" path="DATAFOR_MAP/jsonMap/World/Brazil.js" isHidden="true" isSchedulable="true" locale="zh_CN" title="Brazil.js"/>
        </ExportManifestProperty>
        <ExportManifestProperty>
            <EntityExtraMetaData/>
        </ExportManifestProperty>
        <ExportManifestProperty>
            <EntityAcl>
                <entriesInheriting>true</entriesInheriting>
                <owner>admin</owner>
                <ownerType>USER</ownerType>
            </EntityAcl>
        </ExportManifestProperty>
    </ExportManifestEntity>
    <ExportManifestEntity path="DATAFOR_MAP/jsonMap/World/Canada.js">
        <ExportManifestProperty>
            <EntityMetaData name="Canada.js" createdDate="2022-08-29T20:56:39.795+08:00" isFolder="false" path="DATAFOR_MAP/jsonMap/World/Canada.js" isHidden="true" isSchedulable="true" locale="zh_CN" title="Canada.js"/>
        </ExportManifestProperty>
        <ExportManifestProperty>
            <EntityExtraMetaData/>
        </ExportManifestProperty>
        <ExportManifestProperty>
            <EntityAcl>
                <entriesInheriting>true</entriesInheriting>
                <owner>admin</owner>
                <ownerType>USER</ownerType>
            </EntityAcl>
        </ExportManifestProperty>
    </ExportManifestEntity>
    <ExportManifestEntity path="DATAFOR_MAP/jsonMap/World/China">
        <ExportManifestProperty>
            <EntityMetaData name="China" createdDate="2022-08-29T20:56:39.913+08:00" isFolder="true" path="DATAFOR_MAP/jsonMap/World/China" isHidden="true" isSchedulable="true" locale="zh_CN" title="China"/>
        </ExportManifestProperty>
        <ExportManifestProperty>
            <EntityExtraMetaData/>
        </ExportManifestProperty>
        <ExportManifestProperty>
            <EntityAcl>
                <entriesInheriting>true</entriesInheriting>
                <owner>admin</owner>
                <ownerType>USER</ownerType>
            </EntityAcl>
        </ExportManifestProperty>
    </ExportManifestEntity>
    <ExportManifestEntity path="DATAFOR_MAP/jsonMap/World/China.js">
        <ExportManifestProperty>
            <EntityMetaData name="China.js" createdDate="2022-08-29T20:56:44.485+08:00" isFolder="false" path="DATAFOR_MAP/jsonMap/World/China.js" isHidden="true" isSchedulable="true" locale="zh_CN" title="China.js"/>
        </ExportManifestProperty>
        <ExportManifestProperty>
            <EntityExtraMetaData/>
        </ExportManifestProperty>
        <ExportManifestProperty>
            <EntityAcl>
                <entriesInheriting>true</entriesInheriting>
                <owner>admin</owner>
                <ownerType>USER</ownerType>
            </EntityAcl>
        </ExportManifestProperty>
    </ExportManifestEntity>
    <ExportManifestEntity path="DATAFOR_MAP/jsonMap/World/China/上海市.js">
        <ExportManifestProperty>
            <EntityMetaData name="上海市.js" createdDate="2022-08-29T20:56:39.942+08:00" isFolder="false" path="DATAFOR_MAP/jsonMap/World/China/上海市.js" isHidden="true" isSchedulable="true" locale="zh_CN" title="上海市.js"/>
        </ExportManifestProperty>
        <ExportManifestProperty>
            <EntityExtraMetaData/>
        </ExportManifestProperty>
        <ExportManifestProperty>
            <EntityAcl>
                <entriesInheriting>true</entriesInheriting>
                <owner>admin</owner>
                <ownerType>USER</ownerType>
            </EntityAcl>
        </ExportManifestProperty>
    </ExportManifestEntity>
    <ExportManifestEntity path="DATAFOR_MAP/jsonMap/World/China/云南省.js">
        <ExportManifestProperty>
            <EntityMetaData name="云南省.js" createdDate="2022-08-29T20:56:40.045+08:00" isFolder="false" path="DATAFOR_MAP/jsonMap/World/China/云南省.js" isHidden="true" isSchedulable="true" locale="zh_CN" title="云南省.js"/>
        </ExportManifestProperty>
        <ExportManifestProperty>
            <EntityExtraMetaData/>
        </ExportManifestProperty>
        <ExportManifestProperty>
            <EntityAcl>
                <entriesInheriting>true</entriesInheriting>
                <owner>admin</owner>
                <ownerType>USER</ownerType>
            </EntityAcl>
        </ExportManifestProperty>
    </ExportManifestEntity>
    <ExportManifestEntity path="DATAFOR_MAP/jsonMap/World/China/内蒙古自治区.js">
        <ExportManifestProperty>
            <EntityMetaData name="内蒙古自治区.js" createdDate="2022-08-29T20:56:40.212+08:00" isFolder="false" path="DATAFOR_MAP/jsonMap/World/China/内蒙古自治区.js" isHidden="true" isSchedulable="true" locale="zh_CN" title="内蒙古自治区.js"/>
        </ExportManifestProperty>
        <ExportManifestProperty>
            <EntityExtraMetaData/>
        </ExportManifestProperty>
        <ExportManifestProperty>
            <EntityAcl>
                <entriesInheriting>true</entriesInheriting>
                <owner>admin</owner>
                <ownerType>USER</ownerType>
            </EntityAcl>
        </ExportManifestProperty>
    </ExportManifestEntity>
    <ExportManifestEntity path="DATAFOR_MAP/jsonMap/World/China/北京市.js">
        <ExportManifestProperty>
            <EntityMetaData name="北京市.js" createdDate="2022-08-29T20:56:40.345+08:00" isFolder="false" path="DATAFOR_MAP/jsonMap/World/China/北京市.js" isHidden="true" isSchedulable="true" locale="zh_CN" title="北京市.js"/>
        </ExportManifestProperty>
        <ExportManifestProperty>
            <EntityExtraMetaData/>
        </ExportManifestProperty>
        <ExportManifestProperty>
            <EntityAcl>
                <entriesInheriting>true</entriesInheriting>
                <owner>admin</owner>
                <ownerType>USER</ownerType>
            </EntityAcl>
        </ExportManifestProperty>
    </ExportManifestEntity>
    <ExportManifestEntity path="DATAFOR_MAP/jsonMap/World/China/台湾省.js">
        <ExportManifestProperty>
            <EntityMetaData name="台湾省.js" createdDate="2022-08-29T20:56:40.442+08:00" isFolder="false" path="DATAFOR_MAP/jsonMap/World/China/台湾省.js" isHidden="true" isSchedulable="true" locale="zh_CN" title="台湾省.js"/>
        </ExportManifestProperty>
        <ExportManifestProperty>
            <EntityExtraMetaData/>
        </ExportManifestProperty>
        <ExportManifestProperty>
            <EntityAcl>
                <entriesInheriting>true</entriesInheriting>
                <owner>admin</owner>
                <ownerType>USER</ownerType>
            </EntityAcl>
        </ExportManifestProperty>
    </ExportManifestEntity>
    <ExportManifestEntity path="DATAFOR_MAP/jsonMap/World/China/吉林省.js">
        <ExportManifestProperty>
            <EntityMetaData name="吉林省.js" createdDate="2022-08-29T20:56:40.479+08:00" isFolder="false" path="DATAFOR_MAP/jsonMap/World/China/吉林省.js" isHidden="true" isSchedulable="true" locale="zh_CN" title="吉林省.js"/>
        </ExportManifestProperty>
        <ExportManifestProperty>
            <EntityExtraMetaData/>
        </ExportManifestProperty>
        <ExportManifestProperty>
            <EntityAcl>
                <entriesInheriting>true</entriesInheriting>
                <owner>admin</owner>
                <ownerType>USER</ownerType>
            </EntityAcl>
        </ExportManifestProperty>
    </ExportManifestEntity>
    <ExportManifestEntity path="DATAFOR_MAP/jsonMap/World/China/四川省.js">
        <ExportManifestProperty>
            <EntityMetaData name="四川省.js" createdDate="2022-08-29T20:56:40.615+08:00" isFolder="false" path="DATAFOR_MAP/jsonMap/World/China/四川省.js" isHidden="true" isSchedulable="true" locale="zh_CN" title="四川省.js"/>
        </ExportManifestProperty>
        <ExportManifestProperty>
            <EntityExtraMetaData/>
        </ExportManifestProperty>
        <ExportManifestProperty>
            <EntityAcl>
                <entriesInheriting>true</entriesInheriting>
                <owner>admin</owner>
                <ownerType>USER</ownerType>
            </EntityAcl>
        </ExportManifestProperty>
    </ExportManifestEntity>
    <ExportManifestEntity path="DATAFOR_MAP/jsonMap/World/China/天津_定制.js">
        <ExportManifestProperty>
            <EntityMetaData name="天津_定制.js" createdDate="2022-08-29T20:56:40.758+08:00" isFolder="false" path="DATAFOR_MAP/jsonMap/World/China/天津_定制.js" isHidden="true" isSchedulable="true" locale="zh_CN" title="天津_定制.js"/>
        </ExportManifestProperty>
        <ExportManifestProperty>
            <EntityExtraMetaData/>
        </ExportManifestProperty>
        <ExportManifestProperty>
            <EntityAcl>
                <entriesInheriting>true</entriesInheriting>
                <owner>admin</owner>
                <ownerType>USER</ownerType>
            </EntityAcl>
        </ExportManifestProperty>
    </ExportManifestEntity>
    <ExportManifestEntity path="DATAFOR_MAP/jsonMap/World/China/天津市.js">
        <ExportManifestProperty>
            <EntityMetaData name="天津市.js" createdDate="2022-08-29T20:56:40.803+08:00" isFolder="false" path="DATAFOR_MAP/jsonMap/World/China/天津市.js" isHidden="true" isSchedulable="true" locale="zh_CN" title="天津市.js"/>
        </ExportManifestProperty>
        <ExportManifestProperty>
            <EntityExtraMetaData/>
        </ExportManifestProperty>
        <ExportManifestProperty>
            <EntityAcl>
                <entriesInheriting>true</entriesInheriting>
                <owner>admin</owner>
                <ownerType>USER</ownerType>
            </EntityAcl>
        </ExportManifestProperty>
    </ExportManifestEntity>
    <ExportManifestEntity path="DATAFOR_MAP/jsonMap/World/China/宁夏回族自治区.js">
        <ExportManifestProperty>
            <EntityMetaData name="宁夏回族自治区.js" createdDate="2022-08-29T20:56:40.910+08:00" isFolder="false" path="DATAFOR_MAP/jsonMap/World/China/宁夏回族自治区.js" isHidden="true" isSchedulable="true" locale="zh_CN" title="宁夏回族自治区.js"/>
        </ExportManifestProperty>
        <ExportManifestProperty>
            <EntityExtraMetaData/>
        </ExportManifestProperty>
        <ExportManifestProperty>
            <EntityAcl>
                <entriesInheriting>true</entriesInheriting>
                <owner>admin</owner>
                <ownerType>USER</ownerType>
            </EntityAcl>
        </ExportManifestProperty>
    </ExportManifestEntity>
    <ExportManifestEntity path="DATAFOR_MAP/jsonMap/World/China/安徽省.js">
        <ExportManifestProperty>
            <EntityMetaData name="安徽省.js" createdDate="2022-08-29T20:56:41.034+08:00" isFolder="false" path="DATAFOR_MAP/jsonMap/World/China/安徽省.js" isHidden="true" isSchedulable="true" locale="zh_CN" title="安徽省.js"/>
        </ExportManifestProperty>
        <ExportManifestProperty>
            <EntityExtraMetaData/>
        </ExportManifestProperty>
        <ExportManifestProperty>
            <EntityAcl>
                <entriesInheriting>true</entriesInheriting>
                <owner>admin</owner>
                <ownerType>USER</ownerType>
            </EntityAcl>
        </ExportManifestProperty>
    </ExportManifestEntity>
    <ExportManifestEntity path="DATAFOR_MAP/jsonMap/World/China/山东省.js">
        <ExportManifestProperty>
            <EntityMetaData name="山东省.js" createdDate="2022-08-29T20:56:41.165+08:00" isFolder="false" path="DATAFOR_MAP/jsonMap/World/China/山东省.js" isHidden="true" isSchedulable="true" locale="zh_CN" title="山东省.js"/>
        </ExportManifestProperty>
        <ExportManifestProperty>
            <EntityExtraMetaData/>
        </ExportManifestProperty>
        <ExportManifestProperty>
            <EntityAcl>
                <entriesInheriting>true</entriesInheriting>
                <owner>admin</owner>
                <ownerType>USER</ownerType>
            </EntityAcl>
        </ExportManifestProperty>
    </ExportManifestEntity>
    <ExportManifestEntity path="DATAFOR_MAP/jsonMap/World/China/山西省.js">
        <ExportManifestProperty>
            <EntityMetaData name="山西省.js" createdDate="2022-08-29T20:56:41.302+08:00" isFolder="false" path="DATAFOR_MAP/jsonMap/World/China/山西省.js" isHidden="true" isSchedulable="true" locale="zh_CN" title="山西省.js"/>
        </ExportManifestProperty>
        <ExportManifestProperty>
            <EntityExtraMetaData/>
        </ExportManifestProperty>
        <ExportManifestProperty>
            <EntityAcl>
                <entriesInheriting>true</entriesInheriting>
                <owner>admin</owner>
                <ownerType>USER</ownerType>
            </EntityAcl>
        </ExportManifestProperty>
    </ExportManifestEntity>
    <ExportManifestEntity path="DATAFOR_MAP/jsonMap/World/China/广东省.js">
        <ExportManifestProperty>
            <EntityMetaData name="广东省.js" createdDate="2022-08-29T20:56:41.372+08:00" isFolder="false" path="DATAFOR_MAP/jsonMap/World/China/广东省.js" isHidden="true" isSchedulable="true" locale="zh_CN" title="广东省.js"/>
        </ExportManifestProperty>
        <ExportManifestProperty>
            <EntityExtraMetaData/>
        </ExportManifestProperty>
        <ExportManifestProperty>
            <EntityAcl>
                <entriesInheriting>true</entriesInheriting>
                <owner>admin</owner>
                <ownerType>USER</ownerType>
            </EntityAcl>
        </ExportManifestProperty>
    </ExportManifestEntity>
    <ExportManifestEntity path="DATAFOR_MAP/jsonMap/World/China/广西壮族自治区.js">
        <ExportManifestProperty>
            <EntityMetaData name="广西壮族自治区.js" createdDate="2022-08-29T20:56:41.547+08:00" isFolder="false" path="DATAFOR_MAP/jsonMap/World/China/广西壮族自治区.js" isHidden="true" isSchedulable="true" locale="zh_CN" title="广西壮族自治区.js"/>
        </ExportManifestProperty>
        <ExportManifestProperty>
            <EntityExtraMetaData/>
        </ExportManifestProperty>
        <ExportManifestProperty>
            <EntityAcl>
                <entriesInheriting>true</entriesInheriting>
                <owner>admin</owner>
                <ownerType>USER</ownerType>
            </EntityAcl>
        </ExportManifestProperty>
    </ExportManifestEntity>
    <ExportManifestEntity path="DATAFOR_MAP/jsonMap/World/China/新疆维吾尔自治区.js">
        <ExportManifestProperty>
            <EntityMetaData name="新疆维吾尔自治区.js" createdDate="2022-08-29T20:56:41.717+08:00" isFolder="false" path="DATAFOR_MAP/jsonMap/World/China/新疆维吾尔自治区.js" isHidden="true" isSchedulable="true" locale="zh_CN" title="新疆维吾尔自治区.js"/>
        </ExportManifestProperty>
        <ExportManifestProperty>
            <EntityExtraMetaData/>
        </ExportManifestProperty>
        <ExportManifestProperty>
            <EntityAcl>
                <entriesInheriting>true</entriesInheriting>
                <owner>admin</owner>
                <ownerType>USER</ownerType>
            </EntityAcl>
        </ExportManifestProperty>
    </ExportManifestEntity>
    <ExportManifestEntity path="DATAFOR_MAP/jsonMap/World/China/江苏省">
        <ExportManifestProperty>
            <EntityMetaData name="江苏省" createdDate="2022-08-29T20:56:41.853+08:00" isFolder="true" path="DATAFOR_MAP/jsonMap/World/China/江苏省" isHidden="true" isSchedulable="true" locale="zh_CN" title="江苏省"/>
        </ExportManifestProperty>
        <ExportManifestProperty>
            <EntityExtraMetaData/>
        </ExportManifestProperty>
        <ExportManifestProperty>
            <EntityAcl>
                <entriesInheriting>true</entriesInheriting>
                <owner>admin</owner>
                <ownerType>USER</ownerType>
            </EntityAcl>
        </ExportManifestProperty>
    </ExportManifestEntity>
    <ExportManifestEntity path="DATAFOR_MAP/jsonMap/World/China/江苏省.js">
        <ExportManifestProperty>
            <EntityMetaData name="江苏省.js" createdDate="2022-08-29T20:56:41.948+08:00" isFolder="false" path="DATAFOR_MAP/jsonMap/World/China/江苏省.js" isHidden="true" isSchedulable="true" locale="zh_CN" title="江苏省.js"/>
        </ExportManifestProperty>
        <ExportManifestProperty>
            <EntityExtraMetaData/>
        </ExportManifestProperty>
        <ExportManifestProperty>
            <EntityAcl>
                <entriesInheriting>true</entriesInheriting>
                <owner>admin</owner>
                <ownerType>USER</ownerType>
            </EntityAcl>
        </ExportManifestProperty>
    </ExportManifestEntity>
    <ExportManifestEntity path="DATAFOR_MAP/jsonMap/World/China/江苏省/苏州市.js">
        <ExportManifestProperty>
            <EntityMetaData name="苏州市.js" createdDate="2022-08-29T20:56:41.878+08:00" isFolder="false" path="DATAFOR_MAP/jsonMap/World/China/江苏省/苏州市.js" isHidden="true" isSchedulable="true" locale="zh_CN" title="苏州市.js"/>
        </ExportManifestProperty>
        <ExportManifestProperty>
            <EntityExtraMetaData/>
        </ExportManifestProperty>
        <ExportManifestProperty>
            <EntityAcl>
                <entriesInheriting>true</entriesInheriting>
                <owner>admin</owner>
                <ownerType>USER</ownerType>
            </EntityAcl>
        </ExportManifestProperty>
    </ExportManifestEntity>
    <ExportManifestEntity path="DATAFOR_MAP/jsonMap/World/China/江西省.js">
        <ExportManifestProperty>
            <EntityMetaData name="江西省.js" createdDate="2022-08-29T20:56:42.120+08:00" isFolder="false" path="DATAFOR_MAP/jsonMap/World/China/江西省.js" isHidden="true" isSchedulable="true" locale="zh_CN" title="江西省.js"/>
        </ExportManifestProperty>
        <ExportManifestProperty>
            <EntityExtraMetaData/>
        </ExportManifestProperty>
        <ExportManifestProperty>
            <EntityAcl>
                <entriesInheriting>true</entriesInheriting>
                <owner>admin</owner>
                <ownerType>USER</ownerType>
            </EntityAcl>
        </ExportManifestProperty>
    </ExportManifestEntity>
    <ExportManifestEntity path="DATAFOR_MAP/jsonMap/World/China/河北省.js">
        <ExportManifestProperty>
            <EntityMetaData name="河北省.js" createdDate="2022-08-29T20:56:42.283+08:00" isFolder="false" path="DATAFOR_MAP/jsonMap/World/China/河北省.js" isHidden="true" isSchedulable="true" locale="zh_CN" title="河北省.js"/>
        </ExportManifestProperty>
        <ExportManifestProperty>
            <EntityExtraMetaData/>
        </ExportManifestProperty>
        <ExportManifestProperty>
            <EntityAcl>
                <entriesInheriting>true</entriesInheriting>
                <owner>admin</owner>
                <ownerType>USER</ownerType>
            </EntityAcl>
        </ExportManifestProperty>
    </ExportManifestEntity>
    <ExportManifestEntity path="DATAFOR_MAP/jsonMap/World/China/河南省.js">
        <ExportManifestProperty>
            <EntityMetaData name="河南省.js" createdDate="2022-08-29T20:56:42.378+08:00" isFolder="false" path="DATAFOR_MAP/jsonMap/World/China/河南省.js" isHidden="true" isSchedulable="true" locale="zh_CN" title="河南省.js"/>
        </ExportManifestProperty>
        <ExportManifestProperty>
            <EntityExtraMetaData/>
        </ExportManifestProperty>
        <ExportManifestProperty>
            <EntityAcl>
                <entriesInheriting>true</entriesInheriting>
                <owner>admin</owner>
                <ownerType>USER</ownerType>
            </EntityAcl>
        </ExportManifestProperty>
    </ExportManifestEntity>
    <ExportManifestEntity path="DATAFOR_MAP/jsonMap/World/China/浙江省.js">
        <ExportManifestProperty>
            <EntityMetaData name="浙江省.js" createdDate="2022-08-29T20:56:42.670+08:00" isFolder="false" path="DATAFOR_MAP/jsonMap/World/China/浙江省.js" isHidden="true" isSchedulable="true" locale="zh_CN" title="浙江省.js"/>
        </ExportManifestProperty>
        <ExportManifestProperty>
            <EntityExtraMetaData/>
        </ExportManifestProperty>
        <ExportManifestProperty>
            <EntityAcl>
                <entriesInheriting>true</entriesInheriting>
                <owner>admin</owner>
                <ownerType>USER</ownerType>
            </EntityAcl>
        </ExportManifestProperty>
    </ExportManifestEntity>
    <ExportManifestEntity path="DATAFOR_MAP/jsonMap/World/China/海南省.js">
        <ExportManifestProperty>
            <EntityMetaData name="海南省.js" createdDate="2022-08-29T20:56:42.812+08:00" isFolder="false" path="DATAFOR_MAP/jsonMap/World/China/海南省.js" isHidden="true" isSchedulable="true" locale="zh_CN" title="海南省.js"/>
        </ExportManifestProperty>
        <ExportManifestProperty>
            <EntityExtraMetaData/>
        </ExportManifestProperty>
        <ExportManifestProperty>
            <EntityAcl>
                <entriesInheriting>true</entriesInheriting>
                <owner>admin</owner>
                <ownerType>USER</ownerType>
            </EntityAcl>
        </ExportManifestProperty>
    </ExportManifestEntity>
    <ExportManifestEntity path="DATAFOR_MAP/jsonMap/World/China/湖北省.js">
        <ExportManifestProperty>
            <EntityMetaData name="湖北省.js" createdDate="2022-08-29T20:56:42.915+08:00" isFolder="false" path="DATAFOR_MAP/jsonMap/World/China/湖北省.js" isHidden="true" isSchedulable="true" locale="zh_CN" title="湖北省.js"/>
        </ExportManifestProperty>
        <ExportManifestProperty>
            <EntityExtraMetaData/>
        </ExportManifestProperty>
        <ExportManifestProperty>
            <EntityAcl>
                <entriesInheriting>true</entriesInheriting>
                <owner>admin</owner>
                <ownerType>USER</ownerType>
            </EntityAcl>
        </ExportManifestProperty>
    </ExportManifestEntity>
    <ExportManifestEntity path="DATAFOR_MAP/jsonMap/World/China/湖南省.js">
        <ExportManifestProperty>
            <EntityMetaData name="湖南省.js" createdDate="2022-08-29T20:56:43.062+08:00" isFolder="false" path="DATAFOR_MAP/jsonMap/World/China/湖南省.js" isHidden="true" isSchedulable="true" locale="zh_CN" title="湖南省.js"/>
        </ExportManifestProperty>
        <ExportManifestProperty>
            <EntityExtraMetaData/>
        </ExportManifestProperty>
        <ExportManifestProperty>
            <EntityAcl>
                <entriesInheriting>true</entriesInheriting>
                <owner>admin</owner>
                <ownerType>USER</ownerType>
            </EntityAcl>
        </ExportManifestProperty>
    </ExportManifestEntity>
    <ExportManifestEntity path="DATAFOR_MAP/jsonMap/World/China/澳门特别行政区.js">
        <ExportManifestProperty>
            <EntityMetaData name="澳门特别行政区.js" createdDate="2022-08-29T20:56:43.206+08:00" isFolder="false" path="DATAFOR_MAP/jsonMap/World/China/澳门特别行政区.js" isHidden="true" isSchedulable="true" locale="zh_CN" title="澳门特别行政区.js"/>
        </ExportManifestProperty>
        <ExportManifestProperty>
            <EntityExtraMetaData/>
        </ExportManifestProperty>
        <ExportManifestProperty>
            <EntityAcl>
                <entriesInheriting>true</entriesInheriting>
                <owner>admin</owner>
                <ownerType>USER</ownerType>
            </EntityAcl>
        </ExportManifestProperty>
    </ExportManifestEntity>
    <ExportManifestEntity path="DATAFOR_MAP/jsonMap/World/China/甘肃省.js">
        <ExportManifestProperty>
            <EntityMetaData name="甘肃省.js" createdDate="2022-08-29T20:56:43.267+08:00" isFolder="false" path="DATAFOR_MAP/jsonMap/World/China/甘肃省.js" isHidden="true" isSchedulable="true" locale="zh_CN" title="甘肃省.js"/>
        </ExportManifestProperty>
        <ExportManifestProperty>
            <EntityExtraMetaData/>
        </ExportManifestProperty>
        <ExportManifestProperty>
            <EntityAcl>
                <entriesInheriting>true</entriesInheriting>
                <owner>admin</owner>
                <ownerType>USER</ownerType>
            </EntityAcl>
        </ExportManifestProperty>
    </ExportManifestEntity>
    <ExportManifestEntity path="DATAFOR_MAP/jsonMap/World/China/福建省.js">
        <ExportManifestProperty>
            <EntityMetaData name="福建省.js" createdDate="2022-08-29T20:56:43.424+08:00" isFolder="false" path="DATAFOR_MAP/jsonMap/World/China/福建省.js" isHidden="true" isSchedulable="true" locale="zh_CN" title="福建省.js"/>
        </ExportManifestProperty>
        <ExportManifestProperty>
            <EntityExtraMetaData/>
        </ExportManifestProperty>
        <ExportManifestProperty>
            <EntityAcl>
                <entriesInheriting>true</entriesInheriting>
                <owner>admin</owner>
                <ownerType>USER</ownerType>
            </EntityAcl>
        </ExportManifestProperty>
    </ExportManifestEntity>
    <ExportManifestEntity path="DATAFOR_MAP/jsonMap/World/China/西藏自治区.js">
        <ExportManifestProperty>
            <EntityMetaData name="西藏自治区.js" createdDate="2022-08-29T20:56:43.553+08:00" isFolder="false" path="DATAFOR_MAP/jsonMap/World/China/西藏自治区.js" isHidden="true" isSchedulable="true" locale="zh_CN" title="西藏自治区.js"/>
        </ExportManifestProperty>
        <ExportManifestProperty>
            <EntityExtraMetaData/>
        </ExportManifestProperty>
        <ExportManifestProperty>
            <EntityAcl>
                <entriesInheriting>true</entriesInheriting>
                <owner>admin</owner>
                <ownerType>USER</ownerType>
            </EntityAcl>
        </ExportManifestProperty>
    </ExportManifestEntity>
    <ExportManifestEntity path="DATAFOR_MAP/jsonMap/World/China/贵州省.js">
        <ExportManifestProperty>
            <EntityMetaData name="贵州省.js" createdDate="2022-08-29T20:56:43.658+08:00" isFolder="false" path="DATAFOR_MAP/jsonMap/World/China/贵州省.js" isHidden="true" isSchedulable="true" locale="zh_CN" title="贵州省.js"/>
        </ExportManifestProperty>
        <ExportManifestProperty>
            <EntityExtraMetaData/>
        </ExportManifestProperty>
        <ExportManifestProperty>
            <EntityAcl>
                <entriesInheriting>true</entriesInheriting>
                <owner>admin</owner>
                <ownerType>USER</ownerType>
            </EntityAcl>
        </ExportManifestProperty>
    </ExportManifestEntity>
    <ExportManifestEntity path="DATAFOR_MAP/jsonMap/World/China/辽宁省.js">
        <ExportManifestProperty>
            <EntityMetaData name="辽宁省.js" createdDate="2022-08-29T20:56:43.767+08:00" isFolder="false" path="DATAFOR_MAP/jsonMap/World/China/辽宁省.js" isHidden="true" isSchedulable="true" locale="zh_CN" title="辽宁省.js"/>
        </ExportManifestProperty>
        <ExportManifestProperty>
            <EntityExtraMetaData/>
        </ExportManifestProperty>
        <ExportManifestProperty>
            <EntityAcl>
                <entriesInheriting>true</entriesInheriting>
                <owner>admin</owner>
                <ownerType>USER</ownerType>
            </EntityAcl>
        </ExportManifestProperty>
    </ExportManifestEntity>
    <ExportManifestEntity path="DATAFOR_MAP/jsonMap/World/China/重庆市.js">
        <ExportManifestProperty>
            <EntityMetaData name="重庆市.js" createdDate="2022-08-29T20:56:43.920+08:00" isFolder="false" path="DATAFOR_MAP/jsonMap/World/China/重庆市.js" isHidden="true" isSchedulable="true" locale="zh_CN" title="重庆市.js"/>
        </ExportManifestProperty>
        <ExportManifestProperty>
            <EntityExtraMetaData/>
        </ExportManifestProperty>
        <ExportManifestProperty>
            <EntityAcl>
                <entriesInheriting>true</entriesInheriting>
                <owner>admin</owner>
                <ownerType>USER</ownerType>
            </EntityAcl>
        </ExportManifestProperty>
    </ExportManifestEntity>
    <ExportManifestEntity path="DATAFOR_MAP/jsonMap/World/China/陕西省.js">
        <ExportManifestProperty>
            <EntityMetaData name="陕西省.js" createdDate="2022-08-29T20:56:44.057+08:00" isFolder="false" path="DATAFOR_MAP/jsonMap/World/China/陕西省.js" isHidden="true" isSchedulable="true" locale="zh_CN" title="陕西省.js"/>
        </ExportManifestProperty>
        <ExportManifestProperty>
            <EntityExtraMetaData/>
        </ExportManifestProperty>
        <ExportManifestProperty>
            <EntityAcl>
                <entriesInheriting>true</entriesInheriting>
                <owner>admin</owner>
                <ownerType>USER</ownerType>
            </EntityAcl>
        </ExportManifestProperty>
    </ExportManifestEntity>
    <ExportManifestEntity path="DATAFOR_MAP/jsonMap/World/China/青海省.js">
        <ExportManifestProperty>
            <EntityMetaData name="青海省.js" createdDate="2022-08-29T20:56:44.127+08:00" isFolder="false" path="DATAFOR_MAP/jsonMap/World/China/青海省.js" isHidden="true" isSchedulable="true" locale="zh_CN" title="青海省.js"/>
        </ExportManifestProperty>
        <ExportManifestProperty>
            <EntityExtraMetaData/>
        </ExportManifestProperty>
        <ExportManifestProperty>
            <EntityAcl>
                <entriesInheriting>true</entriesInheriting>
                <owner>admin</owner>
                <ownerType>USER</ownerType>
            </EntityAcl>
        </ExportManifestProperty>
    </ExportManifestEntity>
    <ExportManifestEntity path="DATAFOR_MAP/jsonMap/World/China/香港特别行政区.js">
        <ExportManifestProperty>
            <EntityMetaData name="香港特别行政区.js" createdDate="2022-08-29T20:56:44.227+08:00" isFolder="false" path="DATAFOR_MAP/jsonMap/World/China/香港特别行政区.js" isHidden="true" isSchedulable="true" locale="zh_CN" title="香港特别行政区.js"/>
        </ExportManifestProperty>
        <ExportManifestProperty>
            <EntityExtraMetaData/>
        </ExportManifestProperty>
        <ExportManifestProperty>
            <EntityAcl>
                <entriesInheriting>true</entriesInheriting>
                <owner>admin</owner>
                <ownerType>USER</ownerType>
            </EntityAcl>
        </ExportManifestProperty>
    </ExportManifestEntity>
    <ExportManifestEntity path="DATAFOR_MAP/jsonMap/World/China/黑龙江省.js">
        <ExportManifestProperty>
            <EntityMetaData name="黑龙江省.js" createdDate="2022-08-29T20:56:44.325+08:00" isFolder="false" path="DATAFOR_MAP/jsonMap/World/China/黑龙江省.js" isHidden="true" isSchedulable="true" locale="zh_CN" title="黑龙江省.js"/>
        </ExportManifestProperty>
        <ExportManifestProperty>
            <EntityExtraMetaData/>
        </ExportManifestProperty>
        <ExportManifestProperty>
            <EntityAcl>
                <entriesInheriting>true</entriesInheriting>
                <owner>admin</owner>
                <ownerType>USER</ownerType>
            </EntityAcl>
        </ExportManifestProperty>
    </ExportManifestEntity>
    <ExportManifestEntity path="DATAFOR_MAP/jsonMap/World/Denmark.js">
        <ExportManifestProperty>
            <EntityMetaData name="Denmark.js" createdDate="2022-08-29T20:56:44.602+08:00" isFolder="false" path="DATAFOR_MAP/jsonMap/World/Denmark.js" isHidden="true" isSchedulable="true" locale="zh_CN" title="Denmark.js"/>
        </ExportManifestProperty>
        <ExportManifestProperty>
            <EntityExtraMetaData/>
        </ExportManifestProperty>
        <ExportManifestProperty>
            <EntityAcl>
                <entriesInheriting>true</entriesInheriting>
                <owner>admin</owner>
                <ownerType>USER</ownerType>
            </EntityAcl>
        </ExportManifestProperty>
    </ExportManifestEntity>
    <ExportManifestEntity path="DATAFOR_MAP/jsonMap/World/Finland.js">
        <ExportManifestProperty>
            <EntityMetaData name="Finland.js" createdDate="2022-08-29T20:56:44.642+08:00" isFolder="false" path="DATAFOR_MAP/jsonMap/World/Finland.js" isHidden="true" isSchedulable="true" locale="zh_CN" title="Finland.js"/>
        </ExportManifestProperty>
        <ExportManifestProperty>
            <EntityExtraMetaData/>
        </ExportManifestProperty>
        <ExportManifestProperty>
            <EntityAcl>
                <entriesInheriting>true</entriesInheriting>
                <owner>admin</owner>
                <ownerType>USER</ownerType>
            </EntityAcl>
        </ExportManifestProperty>
    </ExportManifestEntity>
    <ExportManifestEntity path="DATAFOR_MAP/jsonMap/World/Germany.js">
        <ExportManifestProperty>
            <EntityMetaData name="Germany.js" createdDate="2022-08-29T20:56:44.735+08:00" isFolder="false" path="DATAFOR_MAP/jsonMap/World/Germany.js" isHidden="true" isSchedulable="true" locale="zh_CN" title="Germany.js"/>
        </ExportManifestProperty>
        <ExportManifestProperty>
            <EntityExtraMetaData/>
        </ExportManifestProperty>
        <ExportManifestProperty>
            <EntityAcl>
                <entriesInheriting>true</entriesInheriting>
                <owner>admin</owner>
                <ownerType>USER</ownerType>
            </EntityAcl>
        </ExportManifestProperty>
    </ExportManifestEntity>
    <ExportManifestEntity path="DATAFOR_MAP/jsonMap/World/Iceland.js">
        <ExportManifestProperty>
            <EntityMetaData name="Iceland.js" createdDate="2022-08-29T20:56:44.816+08:00" isFolder="false" path="DATAFOR_MAP/jsonMap/World/Iceland.js" isHidden="true" isSchedulable="true" locale="zh_CN" title="Iceland.js"/>
        </ExportManifestProperty>
        <ExportManifestProperty>
            <EntityExtraMetaData/>
        </ExportManifestProperty>
        <ExportManifestProperty>
            <EntityAcl>
                <entriesInheriting>true</entriesInheriting>
                <owner>admin</owner>
                <ownerType>USER</ownerType>
            </EntityAcl>
        </ExportManifestProperty>
    </ExportManifestEntity>
    <ExportManifestEntity path="DATAFOR_MAP/jsonMap/World/India.js">
        <ExportManifestProperty>
            <EntityMetaData name="India.js" createdDate="2022-08-29T20:56:44.878+08:00" isFolder="false" path="DATAFOR_MAP/jsonMap/World/India.js" isHidden="true" isSchedulable="true" locale="zh_CN" title="India.js"/>
        </ExportManifestProperty>
        <ExportManifestProperty>
            <EntityExtraMetaData/>
        </ExportManifestProperty>
        <ExportManifestProperty>
            <EntityAcl>
                <entriesInheriting>true</entriesInheriting>
                <owner>admin</owner>
                <ownerType>USER</ownerType>
            </EntityAcl>
        </ExportManifestProperty>
    </ExportManifestEntity>
    <ExportManifestEntity path="DATAFOR_MAP/jsonMap/World/Indonesia.js">
        <ExportManifestProperty>
            <EntityMetaData name="Indonesia.js" createdDate="2022-08-29T20:56:44.927+08:00" isFolder="false" path="DATAFOR_MAP/jsonMap/World/Indonesia.js" isHidden="true" isSchedulable="true" locale="zh_CN" title="Indonesia.js"/>
        </ExportManifestProperty>
        <ExportManifestProperty>
            <EntityExtraMetaData/>
        </ExportManifestProperty>
        <ExportManifestProperty>
            <EntityAcl>
                <entriesInheriting>true</entriesInheriting>
                <owner>admin</owner>
                <ownerType>USER</ownerType>
            </EntityAcl>
        </ExportManifestProperty>
    </ExportManifestEntity>
    <ExportManifestEntity path="DATAFOR_MAP/jsonMap/World/Ireland.js">
        <ExportManifestProperty>
            <EntityMetaData name="Ireland.js" createdDate="2022-08-29T20:56:45.003+08:00" isFolder="false" path="DATAFOR_MAP/jsonMap/World/Ireland.js" isHidden="true" isSchedulable="true" locale="zh_CN" title="Ireland.js"/>
        </ExportManifestProperty>
        <ExportManifestProperty>
            <EntityExtraMetaData/>
        </ExportManifestProperty>
        <ExportManifestProperty>
            <EntityAcl>
                <entriesInheriting>true</entriesInheriting>
                <owner>admin</owner>
                <ownerType>USER</ownerType>
            </EntityAcl>
        </ExportManifestProperty>
    </ExportManifestEntity>
    <ExportManifestEntity path="DATAFOR_MAP/jsonMap/World/Italy.js">
        <ExportManifestProperty>
            <EntityMetaData name="Italy.js" createdDate="2022-08-29T20:56:45.069+08:00" isFolder="false" path="DATAFOR_MAP/jsonMap/World/Italy.js" isHidden="true" isSchedulable="true" locale="zh_CN" title="Italy.js"/>
        </ExportManifestProperty>
        <ExportManifestProperty>
            <EntityExtraMetaData/>
        </ExportManifestProperty>
        <ExportManifestProperty>
            <EntityAcl>
                <entriesInheriting>true</entriesInheriting>
                <owner>admin</owner>
                <ownerType>USER</ownerType>
            </EntityAcl>
        </ExportManifestProperty>
    </ExportManifestEntity>
    <ExportManifestEntity path="DATAFOR_MAP/jsonMap/World/Japan.js">
        <ExportManifestProperty>
            <EntityMetaData name="Japan.js" createdDate="2022-08-29T20:56:45.528+08:00" isFolder="false" path="DATAFOR_MAP/jsonMap/World/Japan.js" isHidden="true" isSchedulable="true" locale="zh_CN" title="Japan.js"/>
        </ExportManifestProperty>
        <ExportManifestProperty>
            <EntityExtraMetaData/>
        </ExportManifestProperty>
        <ExportManifestProperty>
            <EntityAcl>
                <entriesInheriting>true</entriesInheriting>
                <owner>admin</owner>
                <ownerType>USER</ownerType>
            </EntityAcl>
        </ExportManifestProperty>
    </ExportManifestEntity>
    <ExportManifestEntity path="DATAFOR_MAP/jsonMap/World/Mexico.js">
        <ExportManifestProperty>
            <EntityMetaData name="Mexico.js" createdDate="2022-08-29T20:56:45.630+08:00" isFolder="false" path="DATAFOR_MAP/jsonMap/World/Mexico.js" isHidden="true" isSchedulable="true" locale="zh_CN" title="Mexico.js"/>
        </ExportManifestProperty>
        <ExportManifestProperty>
            <EntityExtraMetaData/>
        </ExportManifestProperty>
        <ExportManifestProperty>
            <EntityAcl>
                <entriesInheriting>true</entriesInheriting>
                <owner>admin</owner>
                <ownerType>USER</ownerType>
            </EntityAcl>
        </ExportManifestProperty>
    </ExportManifestEntity>
    <ExportManifestEntity path="DATAFOR_MAP/jsonMap/World/Netherlands.js">
        <ExportManifestProperty>
            <EntityMetaData name="Netherlands.js" createdDate="2022-08-29T20:56:45.689+08:00" isFolder="false" path="DATAFOR_MAP/jsonMap/World/Netherlands.js" isHidden="true" isSchedulable="true" locale="zh_CN" title="Netherlands.js"/>
        </ExportManifestProperty>
        <ExportManifestProperty>
            <EntityExtraMetaData/>
        </ExportManifestProperty>
        <ExportManifestProperty>
            <EntityAcl>
                <entriesInheriting>true</entriesInheriting>
                <owner>admin</owner>
                <ownerType>USER</ownerType>
            </EntityAcl>
        </ExportManifestProperty>
    </ExportManifestEntity>
    <ExportManifestEntity path="DATAFOR_MAP/jsonMap/World/New Zealand.js">
        <ExportManifestProperty>
            <EntityMetaData name="New Zealand.js" createdDate="2022-08-29T20:56:45.741+08:00" isFolder="false" path="DATAFOR_MAP/jsonMap/World/New Zealand.js" isHidden="true" isSchedulable="true" locale="zh_CN" title="New Zealand.js"/>
        </ExportManifestProperty>
        <ExportManifestProperty>
            <EntityExtraMetaData/>
        </ExportManifestProperty>
        <ExportManifestProperty>
            <EntityAcl>
                <entriesInheriting>true</entriesInheriting>
                <owner>admin</owner>
                <ownerType>USER</ownerType>
            </EntityAcl>
        </ExportManifestProperty>
    </ExportManifestEntity>
    <ExportManifestEntity path="DATAFOR_MAP/jsonMap/World/Norway.js">
        <ExportManifestProperty>
            <EntityMetaData name="Norway.js" createdDate="2022-08-29T20:56:45.791+08:00" isFolder="false" path="DATAFOR_MAP/jsonMap/World/Norway.js" isHidden="true" isSchedulable="true" locale="zh_CN" title="Norway.js"/>
        </ExportManifestProperty>
        <ExportManifestProperty>
            <EntityExtraMetaData/>
        </ExportManifestProperty>
        <ExportManifestProperty>
            <EntityAcl>
                <entriesInheriting>true</entriesInheriting>
                <owner>admin</owner>
                <ownerType>USER</ownerType>
            </EntityAcl>
        </ExportManifestProperty>
    </ExportManifestEntity>
    <ExportManifestEntity path="DATAFOR_MAP/jsonMap/World/Philippines.js">
        <ExportManifestProperty>
            <EntityMetaData name="Philippines.js" createdDate="2022-08-29T20:56:45.852+08:00" isFolder="false" path="DATAFOR_MAP/jsonMap/World/Philippines.js" isHidden="true" isSchedulable="true" locale="zh_CN" title="Philippines.js"/>
        </ExportManifestProperty>
        <ExportManifestProperty>
            <EntityExtraMetaData/>
        </ExportManifestProperty>
        <ExportManifestProperty>
            <EntityAcl>
                <entriesInheriting>true</entriesInheriting>
                <owner>admin</owner>
                <ownerType>USER</ownerType>
            </EntityAcl>
        </ExportManifestProperty>
    </ExportManifestEntity>
    <ExportManifestEntity path="DATAFOR_MAP/jsonMap/World/Poland.js">
        <ExportManifestProperty>
            <EntityMetaData name="Poland.js" createdDate="2022-08-29T20:56:45.943+08:00" isFolder="false" path="DATAFOR_MAP/jsonMap/World/Poland.js" isHidden="true" isSchedulable="true" locale="zh_CN" title="Poland.js"/>
        </ExportManifestProperty>
        <ExportManifestProperty>
            <EntityExtraMetaData/>
        </ExportManifestProperty>
        <ExportManifestProperty>
            <EntityAcl>
                <entriesInheriting>true</entriesInheriting>
                <owner>admin</owner>
                <ownerType>USER</ownerType>
            </EntityAcl>
        </ExportManifestProperty>
    </ExportManifestEntity>
    <ExportManifestEntity path="DATAFOR_MAP/jsonMap/World/Portugal.js">
        <ExportManifestProperty>
            <EntityMetaData name="Portugal.js" createdDate="2022-08-29T20:56:45.982+08:00" isFolder="false" path="DATAFOR_MAP/jsonMap/World/Portugal.js" isHidden="true" isSchedulable="true" locale="zh_CN" title="Portugal.js"/>
        </ExportManifestProperty>
        <ExportManifestProperty>
            <EntityExtraMetaData/>
        </ExportManifestProperty>
        <ExportManifestProperty>
            <EntityAcl>
                <entriesInheriting>true</entriesInheriting>
                <owner>admin</owner>
                <ownerType>USER</ownerType>
            </EntityAcl>
        </ExportManifestProperty>
    </ExportManifestEntity>
    <ExportManifestEntity path="DATAFOR_MAP/jsonMap/World/Russia.js">
        <ExportManifestProperty>
            <EntityMetaData name="Russia.js" createdDate="2022-08-29T20:56:46.038+08:00" isFolder="false" path="DATAFOR_MAP/jsonMap/World/Russia.js" isHidden="true" isSchedulable="true" locale="zh_CN" title="Russia.js"/>
        </ExportManifestProperty>
        <ExportManifestProperty>
            <EntityExtraMetaData/>
        </ExportManifestProperty>
        <ExportManifestProperty>
            <EntityAcl>
                <entriesInheriting>true</entriesInheriting>
                <owner>admin</owner>
                <ownerType>USER</ownerType>
            </EntityAcl>
        </ExportManifestProperty>
    </ExportManifestEntity>
    <ExportManifestEntity path="DATAFOR_MAP/jsonMap/World/Singapore.js">
        <ExportManifestProperty>
            <EntityMetaData name="Singapore.js" createdDate="2022-08-29T20:56:46.225+08:00" isFolder="false" path="DATAFOR_MAP/jsonMap/World/Singapore.js" isHidden="true" isSchedulable="true" locale="zh_CN" title="Singapore.js"/>
        </ExportManifestProperty>
        <ExportManifestProperty>
            <EntityExtraMetaData/>
        </ExportManifestProperty>
        <ExportManifestProperty>
            <EntityAcl>
                <entriesInheriting>true</entriesInheriting>
                <owner>admin</owner>
                <ownerType>USER</ownerType>
            </EntityAcl>
        </ExportManifestProperty>
    </ExportManifestEntity>
    <ExportManifestEntity path="DATAFOR_MAP/jsonMap/World/South Africa.js">
        <ExportManifestProperty>
            <EntityMetaData name="South Africa.js" createdDate="2022-08-29T20:56:46.290+08:00" isFolder="false" path="DATAFOR_MAP/jsonMap/World/South Africa.js" isHidden="true" isSchedulable="true" locale="zh_CN" title="South Africa.js"/>
        </ExportManifestProperty>
        <ExportManifestProperty>
            <EntityExtraMetaData/>
        </ExportManifestProperty>
        <ExportManifestProperty>
            <EntityAcl>
                <entriesInheriting>true</entriesInheriting>
                <owner>admin</owner>
                <ownerType>USER</ownerType>
            </EntityAcl>
        </ExportManifestProperty>
    </ExportManifestEntity>
    <ExportManifestEntity path="DATAFOR_MAP/jsonMap/World/South Korea.js">
        <ExportManifestProperty>
            <EntityMetaData name="South Korea.js" createdDate="2022-08-29T20:56:46.352+08:00" isFolder="false" path="DATAFOR_MAP/jsonMap/World/South Korea.js" isHidden="true" isSchedulable="true" locale="zh_CN" title="South Korea.js"/>
        </ExportManifestProperty>
        <ExportManifestProperty>
            <EntityExtraMetaData/>
        </ExportManifestProperty>
        <ExportManifestProperty>
            <EntityAcl>
                <entriesInheriting>true</entriesInheriting>
                <owner>admin</owner>
                <ownerType>USER</ownerType>
            </EntityAcl>
        </ExportManifestProperty>
    </ExportManifestEntity>
    <ExportManifestEntity path="DATAFOR_MAP/jsonMap/World/Spain.js">
        <ExportManifestProperty>
            <EntityMetaData name="Spain.js" createdDate="2022-08-29T20:56:46.408+08:00" isFolder="false" path="DATAFOR_MAP/jsonMap/World/Spain.js" isHidden="true" isSchedulable="true" locale="zh_CN" title="Spain.js"/>
        </ExportManifestProperty>
        <ExportManifestProperty>
            <EntityExtraMetaData/>
        </ExportManifestProperty>
        <ExportManifestProperty>
            <EntityAcl>
                <entriesInheriting>true</entriesInheriting>
                <owner>admin</owner>
                <ownerType>USER</ownerType>
            </EntityAcl>
        </ExportManifestProperty>
    </ExportManifestEntity>
    <ExportManifestEntity path="DATAFOR_MAP/jsonMap/World/Sweden.js">
        <ExportManifestProperty>
            <EntityMetaData name="Sweden.js" createdDate="2022-08-29T20:56:46.455+08:00" isFolder="false" path="DATAFOR_MAP/jsonMap/World/Sweden.js" isHidden="true" isSchedulable="true" locale="zh_CN" title="Sweden.js"/>
        </ExportManifestProperty>
        <ExportManifestProperty>
            <EntityExtraMetaData/>
        </ExportManifestProperty>
        <ExportManifestProperty>
            <EntityAcl>
                <entriesInheriting>true</entriesInheriting>
                <owner>admin</owner>
                <ownerType>USER</ownerType>
            </EntityAcl>
        </ExportManifestProperty>
    </ExportManifestEntity>
    <ExportManifestEntity path="DATAFOR_MAP/jsonMap/World/Switzerland.js">
        <ExportManifestProperty>
            <EntityMetaData name="Switzerland.js" createdDate="2022-08-29T20:56:46.540+08:00" isFolder="false" path="DATAFOR_MAP/jsonMap/World/Switzerland.js" isHidden="true" isSchedulable="true" locale="zh_CN" title="Switzerland.js"/>
        </ExportManifestProperty>
        <ExportManifestProperty>
            <EntityExtraMetaData/>
        </ExportManifestProperty>
        <ExportManifestProperty>
            <EntityAcl>
                <entriesInheriting>true</entriesInheriting>
                <owner>admin</owner>
                <ownerType>USER</ownerType>
            </EntityAcl>
        </ExportManifestProperty>
    </ExportManifestEntity>
    <ExportManifestEntity path="DATAFOR_MAP/jsonMap/World/United Kingdom.js">
        <ExportManifestProperty>
            <EntityMetaData name="United Kingdom.js" createdDate="2022-08-29T20:56:46.604+08:00" isFolder="false" path="DATAFOR_MAP/jsonMap/World/United Kingdom.js" isHidden="true" isSchedulable="true" locale="zh_CN" title="United Kingdom.js"/>
        </ExportManifestProperty>
        <ExportManifestProperty>
            <EntityExtraMetaData/>
        </ExportManifestProperty>
        <ExportManifestProperty>
            <EntityAcl>
                <entriesInheriting>true</entriesInheriting>
                <owner>admin</owner>
                <ownerType>USER</ownerType>
            </EntityAcl>
        </ExportManifestProperty>
    </ExportManifestEntity>
    <ExportManifestEntity path="DATAFOR_MAP/jsonMap/World/United States.js">
        <ExportManifestProperty>
            <EntityMetaData name="United States.js" createdDate="2022-08-29T20:56:46.670+08:00" isFolder="false" path="DATAFOR_MAP/jsonMap/World/United States.js" isHidden="true" isSchedulable="true" locale="zh_CN" title="United States.js"/>
        </ExportManifestProperty>
        <ExportManifestProperty>
            <EntityExtraMetaData/>
        </ExportManifestProperty>
        <ExportManifestProperty>
            <EntityAcl>
                <entriesInheriting>true</entriesInheriting>
                <owner>admin</owner>
                <ownerType>USER</ownerType>
            </EntityAcl>
        </ExportManifestProperty>
    </ExportManifestEntity>
    <ExportManifestEntity path="DATAFOR_MAP/jsonMap/World/Uruguay.js">
        <ExportManifestProperty>
            <EntityMetaData name="Uruguay.js" createdDate="2022-08-29T20:56:46.702+08:00" isFolder="false" path="DATAFOR_MAP/jsonMap/World/Uruguay.js" isHidden="true" isSchedulable="true" locale="zh_CN" title="Uruguay.js"/>
        </ExportManifestProperty>
        <ExportManifestProperty>
            <EntityExtraMetaData/>
        </ExportManifestProperty>
        <ExportManifestProperty>
            <EntityAcl>
                <entriesInheriting>true</entriesInheriting>
                <owner>admin</owner>
                <ownerType>USER</ownerType>
            </EntityAcl>
        </ExportManifestProperty>
    </ExportManifestEntity>
    <ExportManifestEntity path="DATAFOR_MAP/jsonMap/world.js">
        <ExportManifestProperty>
            <EntityMetaData name="world.js" createdDate="2022-08-29T20:56:46.760+08:00" isFolder="false" path="DATAFOR_MAP/jsonMap/world.js" isHidden="true" isSchedulable="true" locale="zh_CN" title="world.js"/>
        </ExportManifestProperty>
        <ExportManifestProperty>
            <EntityExtraMetaData/>
        </ExportManifestProperty>
        <ExportManifestProperty>
            <EntityAcl>
                <entriesInheriting>true</entriesInheriting>
                <owner>admin</owner>
                <ownerType>USER</ownerType>
            </EntityAcl>
        </ExportManifestProperty>
    </ExportManifestEntity>
    <ExportManifestEntity path="DATAFOR_MAP/map.js">
        <ExportManifestProperty>
            <EntityMetaData name="map.js" createdDate="2022-08-29T20:56:46.820+08:00" isFolder="false" path="DATAFOR_MAP/map.js" isHidden="true" isSchedulable="true" locale="zh_CN" title="map.js"/>
        </ExportManifestProperty>
        <ExportManifestProperty>
            <EntityExtraMetaData/>
        </ExportManifestProperty>
        <ExportManifestProperty>
            <EntityAcl>
                <entriesInheriting>true</entriesInheriting>
                <owner>admin</owner>
                <ownerType>USER</ownerType>
            </EntityAcl>
        </ExportManifestProperty>
    </ExportManifestEntity>
    <ExportManifestEntity path="DATAFOR_MAP/settings.xml">
        <ExportManifestProperty>
            <EntityMetaData name="settings.xml" createdDate="2022-08-29T20:56:47.124+08:00" isFolder="false" path="DATAFOR_MAP/settings.xml" isHidden="true" isSchedulable="true" locale="zh_CN" title="settings.xml"/>
        </ExportManifestProperty>
        <ExportManifestProperty>
            <EntityExtraMetaData/>
        </ExportManifestProperty>
        <ExportManifestProperty>
            <EntityAcl>
                <entriesInheriting>true</entriesInheriting>
                <owner>admin</owner>
                <ownerType>USER</ownerType>
            </EntityAcl>
        </ExportManifestProperty>
    </ExportManifestEntity>
</ns2:ExportManifest>
